id	authId	authSource	name
GND-118860283	118860283	GND	Schulze, Johannes
GND-119195836	119195836	GND	Roth, Rudolf von
GND-116039272	116039272	GND	Baggs, Charles Michael
GND-1055315233	1055315233	GND	Cataldi, Nicola M.
GND-10079064X	10079064X	GND	Inghirami, Francesco
GND-116630159	116630159	GND	Ross, Karl
GND-117617989	117617989	GND	Bolzenthal, Heinrich Eduard
GND-116402326	116402326	GND	Brandis, Christian August
GND-118594117	118594117	GND	Wagner, Richard
GND-117109827	117109827	GND	Scharnhorst, Wilhelm von
GND-116896132	116896132	GND	Hinck, Hugo
GND-117077070	117077070	GND	Wachsmuth, Curt
KPE-118795	118795	KPE	Universität Bonn -1818-
GND-117123323	117123323	GND	Olshausen, Justus
GND-119520397	119520397	GND	Bonci Casuccini, Pietro
GND-116850388	116850388	GND	Lebzeltern, Ludwig von
GND-117037486	117037486	GND	Hübner, Emil
GND-117191388	117191388	GND	Overbeck, Johannes
GND-118538918	118538918	GND	Gervinus, Georg Gottfried
GND-101758278	101758278	GND	Trendelenburg, Ferdinande
GND-11759542X	11759542X	GND	La Rochejaquelein, Henri-Auguste-Georges du Verger de
GND-1139664263	1139664263	GND	Bortolotti, Pietro
GND-118638033	118638033	GND	Elgin and Kincardine, Thomas Bruce of
GND-118889230	118889230	GND	Döderlein, Ludwig
GND-117048879	117048879	GND	Hülsen, Christian
KPE-915959	915959	KPE	Carfora, Lelio
GND-104125489	104125489	GND	Quandt, Johann Gottlob von
GND-116650117	116650117	GND	Conestabile, Giovanni Carlo
GND-118554700	118554700	GND	Humboldt, Alexander von
GND-100158218	100158218	GND	Hand, Ferdinand Gotthelf
GND-117400246	117400246	GND	Tischbein, Carl Wilhelm
GND-116231327	116231327	GND	Klöber, August von
GND-11756673X	11756673X	GND	Bartlett, John Russell
GND-116766557	116766557	GND	Curtius, Ernst
GND-116909501	116909501	GND	Lenormant, François
GND-1076744591	1076744591	GND	Trivulzio, Giovanni Giacomo
GND-35017-5	35017-5	GND	Académie des Inscriptions et Belles-Lettres <Paris>
GND-116113669	116113669	GND	Dietrichstein, Moritz von
GND-118594885	118594885	GND	Platner, Ernst
KPE-196165	196165	KPE	Lapasse
GND-117039144	117039144	GND	Jacobs, Friedrich
GND-119162091	119162091	GND	Fiorelli, Giuseppe
GND-118579347	118579347	GND	Maximilian <II., Bayern, König>
GND-118611666	118611666	GND	Schumann, Robert
GND-118725815	118725815	GND	Lachner, Franz Paul
GND-118605909	118605909	GND	Savigny, Friedrich Carl von
GND-116829540	116829540	GND	Schneider, Karl Ernst Christoph
GND-118704281	118704281	GND	Hettner, Hermann
GND-118776223	118776223	GND	Joachim, Joseph
GND-116525215	116525215	GND	Clarac, Charles Othon Frédéric Jean Baptiste de
GND-116450932	116450932	GND	Reumont, Alfred von
GND-116121157	116121157	GND	Benndorf, Otto
GND-118630741	118630741	GND	Welcker, Friedrich Gottlieb
KPE-891520	891520	KPE	Borrello
GND-119010879	119010879	GND	Müllenhoff, Karl
GND-116240296	116240296	GND	Klügmann, Adolf
GND-118534955	118534955	GND	Franz <II., Heiliges Römisches Reich, Kaiser>
GND-116796863	116796863	GND	Friedländer, Emil Gottlieb
GND-118697773	118697773	GND	Grimm, Herman
GND-117022454	117022454	GND	Zumpt, August Wilhelm
GND-117157074	117157074	GND	Bunsen, Georg von
GND-118538810	118538810	GND	Gerstäcker, Friedrich
GND-117559180	117559180	GND	Meyer, Heinrich
GND-11637599X	11637599X	GND	Kramer, Gustav
GND-115431241	115431241	GND	Rochette, Désiré Raoul
GND-118587773	118587773	GND	Niebuhr, Barthold Georg
GND-1074122062	1074122062	GND	Nitsch, Karl Immanuel
KPE-907012	907012	KPE	Bange, J.
GND-118523368	118523368	GND	Dahlmann, Friedrich Christoph
GND-104106549	104106549	GND	Brøndsted, Peter Oluf
GND-118574884	118574884	GND	Ludwig <I., Bayern, König>
GND-118754335	118754335	GND	Scheibel, Johann Gottfried
GND-116999454	116999454	GND	Zimmermann, Karl
GND-100732917	100732917	GND	Keller, Ferdinand
GND-116285524	116285524	GND	Köhler, Ulrich
GND-119016079	119016079	GND	Campana, Giampietro
GND-1159074879	1159074879	GND	Vollard Bockelberg, Emil v.
GND-116218010	116218010	GND	Dressel, Heinrich
GND-117621358	117621358	GND	Scheppig, Karl
GND-115749829	115749829	GND	Schleiermacher, Andreas August Ernst
KPE-350993	350993	KPE	Westerkamp, Siegfried
GND-118540238	118540238	GND	Goethe, Johann Wolfgang von
GND-139084592	139084592	GND	Wagner, Edmund
GND-116661224	116661224	GND	Maggiore, Niccolò
GND-118581465	118581465	GND	Metternich, Klemens Wenzel Nepomuk Lothar von
KPE-915303	915303	KPE	Harvey, George
GND-117437174	117437174	GND	Visconti, Pietro Ercole
GND-115553487	115553487	GND	Bähr, Johann Christian Felix
GND-117444154	117444154	GND	Wolf, Friedrich August
GND-116623853	116623853	GND	Gildemeister, Johann
GND-119372843	119372843	GND	Acerbi, Giuseppe
GND-117589926	117589926	GND	Betham, William
KPE-310520	310520	KPE	Schulenburg-Priemern, Gustav Ernst von der
GND-118850210	118850210	GND	Bekker, Immanuel
GND-1055176942	1055176942	GND	Manzi, Pietro
GND-116174587	116174587	GND	Keller, Franz von
GND-11880524X	11880524X	GND	Steinhäuser, Carl Johann
GND-116571721	116571721	GND	Ritter, Heinrich
GND-115460950	115460950	GND	Gyldén, Nils Abraham
GND-11606899X	11606899X	GND	Bartholdy, Jakob L. S.
GND-117322806	117322806	GND	Ussing, Johan Louis
GND-117468274	117468274	GND	Vogt, Karl August Traugott
GND-118627910	118627910	GND	Voß, Johann Heinrich
GND-10215807X	10215807X	GND	Nipperdey, Carl
GND-117187402	117187402	GND	Buttmann, Philipp
GND-116730161	116730161	GND	Hercher, Rudolf
GND-118979752	118979752	GND	Hornthal, Johann Peter von
GND-117330132	117330132	GND	Schlosser, Johann Friedrich Heinrich
GND-118983334	118983334	GND	Ernst <Sachsen-Coburg-Saalfeld, Herzog, I.>
GND-117098132	117098132	GND	Oehler, Theodor
KPE-906943	906943	KPE	Baglioni, Benedetto
GND-116638478	116638478	GND	Labus, Giovanni
GND-139303782	139303782	GND	Härtel, Robert
GND-119515903	119515903	GND	Weber, Bernhard Anselm
GND-119259966	119259966	GND	Champollion-Figeac, Jacques-Joseph
GND-2116580-4	2116580-4	GND	Altes Museum <Berlin>
GND-118535986	118535986	GND	Friedrich Wilhelm III., Preußen, König
GND-118622323	118622323	GND	Thorvaldsen, Bertel
GND-121284638	121284638	GND	Werther, Heinrich
GND-1166100618	1166100618	GND	Joli, Girolamo
GND-117319538	117319538	GND	Westermann, Anton
GND-118847856	118847856	GND	Arco, Karl von
GND-116001097	116001097	GND	Abeken, Bernhard Rudolf
GND-116152133	116152133	GND	Keudell, Robert von
GND-100416993	100416993	GND	Arndts von Arnesberg, Karl Ludwig
GND-116442743	116442743	GND	Cancellieri, Francesco
GND-117630179	117630179	GND	Sims, James Marion
GND-118526170	118526170	GND	Dodwell, Edward
GND-117325279	117325279	GND	Vahlen, Johannes
GND-116794992	116794992	GND	Schmieder, Heinrich Eduard
GND-116274662	116274662	GND	Köchly, Hermann
GND-100051960	100051960	GND	Bothe, Friedrich Heinrich
GND-1151242209	1151242209	GND	Leontiev, Pavel Mikhaïlovitch
GND-121675076	121675076	GND	Franz <Neapel, König, I.>
GND-116444657	116444657	GND	Reimer, Georg Ernst
KPE-821492	821492	KPE	Beugnot, B. de
KPE-699026	699026	KPE	Bunsen, Franziska
GND-11858524X	11858524X	GND	Müller, Wilhelm
GND-118607782	118607782	GND	Schinkel, Karl Friedrich
GND-117368210	117368210	GND	Wiese, Ludwig Adolf
KPE-914946	914946	KPE	Bianchi, Nicola
GND-1099933358	1099933358	GND	Grifi, Luigi
GND-1055090169	1055090169	GND	Lloyd, William Watkiss
GND-118620223	118620223	GND	Sybel, Heinrich von
GND-119338890	119338890	GND	Meineke, August
GND-117649317	117649317	GND	Cavallari, Saverio
GND-116975628	116975628	GND	Mazzetti, Antonio
GND-116187913	116187913	GND	Dorow, Wilhelm
GND-116424133	116424133	GND	Hamilton, Marie von
GND-116400196	116400196	GND	Cadès, Alessandro
GND-116562552	116562552	GND	Georgi, Carl
GND-117321125	117321125	GND	Westphal, Johann Heinrich
GND-118660276	118660276	GND	Brühl, Karl Moritz von
KPE-915816	915816	KPE	Capece Zurlo, Carlo Principe
GND-116964995	116964995	GND	Zannoni, Giovanni Battista
GND-118882856	118882856	GND	Carrara, Francesco
GND-118554719	118554719	GND	Humboldt, Caroline von
GND-118628038	118628038	GND	Waagen, Gustav Friedrich
GND-129376000	129376000	GND	Carderera y Solano, Valentín
GND-117471763	117471763	GND	Voigt, Georg
GND-117313629	117313629	GND	Lützow, Rudolf von
GND-116132663	116132663	GND	Bergk, Theodor
GND-11692313X	11692313X	GND	Schott, Albert
GND-116389117	116389117	GND	Avellino, Francesco Maria
GND-117485276	117485276	GND	Spohn, Friedrich August Wilhelm
GND-117023817	117023817	GND	Nitzsch, Gregor Wilhelm
KPE-137822	137822	KPE	Pretura di Zara
GND-118546643	118546643	GND	Haslinger, Tobias
KPE-906362	906362	KPE	Archini, Francesco
GND-118918818	118918818	GND	Palagi, Pelagio
GND-11725939X	11725939X	GND	Lucae, Karl
GND-118616641	118616641	GND	Stahl, Friedrich Julius
GND-117216852	117216852	GND	Stark, Franz
GND-116877146	116877146	GND	Mendelssohn, Georg Benjamin
GND-252872-1	252872-1	GND	Società Reale Borbonica
GND-118668005	118668005	GND	Bunsen, Christian Karl Josias von
GND-116174706	116174706	GND	Keller, Joseph von
GND-11721714X	11721714X	GND	Stark, Carl Bernhard
GND-117442445	117442445	GND	Valentin, Veit
GND-116595914	116595914	GND	Roestell, Friedrich Wilhelm
GND-118685279	118685279	GND	Ernst <Sachsen-Coburg-Gotha, Herzog, II.>
GND-117608440	117608440	GND	Blouet, Guillaume-Abel
GND-129603325	129603325	GND	Kandler, Pietro
GND-116647698	116647698	GND	Lajard, Felix
GND-11622486X	11622486X	GND	Börner, Karl Gustav
GND-1055306846	1055306846	GND	Frigell, Anders
GND-118798359	118798359	GND	Stackelberg, Otto Magnus von
GND-105377009X	105377009X	GND	Blanco, Lorenzo
GND-116457112	116457112	GND	Reuvens, Kaspar Jakob Christian
GND-116522976	116522976	GND	Gell, William
GND-117164887	117164887	GND	Weber, Johann David
GND-116830727	116830727	GND	Fröhner, Wilhelm
GND-117340995	117340995	GND	Thile, Hermann von
KPE-907063	907063	KPE	Barone, Raffaele
GND-116777273	116777273	GND	Brunn, Heinrich von
GND-118608045	118608045	GND	Schleiermacher, Friedrich
KPE-907028	907028	KPE	Barberi, Tito
KPE-747037	747037	KPE	Braun, Leopold
GND-104257423	104257423	GND	Bruce, John Wyndham
GND-1081937637	1081937637	GND	Dragonetti, Luigi
GND-119291622	119291622	GND	Bucci, Donato
GND-116510978	116510978	GND	Hase, Heinrich
GND-117267821	117267821	GND	Uhden, Wilhelm
GND-116052635	116052635	GND	Passow, Arnold
GND-11667928X	11667928X	GND	Helbig, Nadine
GND-11715900X	11715900X	GND	Weber, Georg
GND-117695262	117695262	GND	Redern, Johann Friedrich Sigismund Ehrenreich von
GND-116243163	116243163	GND	Duhn, Friedrich von
GND-11634850X	11634850X	GND	Haase, Friedrich
GND-104930618X	104930618X	GND	Conticini, Pietro
GND-118535994	118535994	GND	Friedrich Wilhelm IV., Preußen, König
GND-116137304	116137304	GND	Bernd, Christian Samuel Theodor
GND-117312940	117312940	GND	Strecker, Adolph
GND-116657154	116657154	GND	Heimbach, Gustav Ernst
GND-116447621	116447621	GND	Capobianchi, Pietro
GND-1168235898	1168235898	GND	Borbone, Leopoldo di
GND-117731609	117731609	GND	Egloffstein, August Karl von
GND-11690948X	11690948X	GND	Lenormant, Charles
GND-117598577	117598577	GND	Müller, Lucian
GND-118743872	118743872	GND	Rehberg, August Wilhelm
GND-1146914628	1146914628	GND	Schulz, Louis
KPE-915170	915170	KPE	Bocchi, Benvenuto
GND-116433132	116433132	GND	Reiz, Friedrich Wolfgang
GND-1055345817	1055345817	GND	Diamilla Müller, Demetrio Emilio
GND-119202662	119202662	GND	Passavant, Johann David
GND-118584596	118584596	GND	Mozart, Wolfgang Amadeus
GND-1096776502	1096776502	GND	Formis, Achille
GND-1083010204	1083010204	GND	Belli, Francesco
GND-118763946	118763946	GND	Usener, Hermann
GND-116098309	116098309	GND	Beauharnais, Nicolaus von
GND-117174556	117174556	GND	Burman, Pieter
KPE-906572	906572	KPE	Bellotti, Pietro
GND-116404310	116404310	GND	Reifferscheid, August
GND-103116605	103116605	GND	Rossteuscher, Ernst Adolf
GND-117145211	117145211	GND	Orioli, Francesco
KPE-325898	325898	KPE	Stürenburg
GND-116001127	116001127	GND	Abeken, Heinrich
GND-116981288	116981288	GND	Hopf, Carl
GND-100672000	100672000	GND	Vömel, Theodor
KPE-460495	460495	KPE	Arnoult, Eugène
GND-1055308792	1055308792	GND	Funchal, Domingos Antonio de Sousa Coutinho de
GND-116133147	116133147	GND	Bergmann, Joseph
GND-11850553X	11850553X	GND	Bach, Johann Sebastian
GND-118567551	118567551	GND	Kügelgen, Wilhelm von
GND-119096552	119096552	GND	Gesenius, Wilhelm
GND-116237597	116237597	GND	Bonaparte, Charles Lucian
GND-100370306	100370306	GND	Lodge, Edmund
GND-116210265	116210265	GND	Klee, Julius
GND-118583425	118583425	GND	Mommsen, Theodor
GND-115670009	115670009	GND	Weise, Carl Hermann
GND-11733376X	11733376X	GND	Schwabe, Ludwig
GND-35363-2	35363-2	GND	Istituto di Corrispondenza Archeologica
GND-116517158	116517158	GND	Ciampi, Sebastiano
GND-117047643	117047643	GND	Minckwitz, Johannes
GND-123289033	123289033	GND	Capranesi, Francesco
GND-117590037	117590037	GND	Beulé, Charles-Ernest
GND-11753532X	11753532X	GND	Houghton, Richard Monckton Milnes
GND-136672760	136672760	GND	Mauermann, Ignaz Bernhard
GND-113667485	113667485	GND	Wigand, Paul
GND-117019135	117019135	GND	Sauppe, Hermann
GND-118808850	118808850	GND	Böckh, August
GND-116125888	116125888	GND	Kellermann, Olaus Christian
GND-118866737	118866737	GND	Quatremère de Quincy, Antoine Chrysostôme
GND-118892320	118892320	GND	Göschel, Carl Friedrich
GND-116060395	116060395	GND	Paucker, Karl Heinrich von
GND-116030674	116030674	GND	Papencordt, Felix
KPE-812379	812379	KPE	Landolina Nava, Marius
GND-117029270	117029270	GND	Migliarini, Angelo Michele
GND-119239841	119239841	GND	Rosellini, Ippolito
GND-117139076	117139076	GND	Ingenheim, Gustav Adolf von
GND-117148725	117148725	GND	Orti Manara, Giovanni Girolamo
GND-11881656X	11881656X	GND	Lipschitz, Rudolf
GND-116917563	116917563	GND	Hitzig, Hermann
GND-118683632	118683632	GND	Finlay, George
GND-116848642	116848642	GND	Le Bas, Philippe
GND-118587234	118587234	GND	Neukomm, Sigismund von
GND-118677330	118677330	GND	Creuzer, Friedrich
GND-116976012	116976012	GND	Zell, Karl
GND-11954153X	11954153X	GND	Müller, Karl Otfried
KPE-907031	907031	KPE	Barberi
GND-116189398	116189398	GND	Piot, Charles
GND-116313374	116313374	GND	Purgold, Alfred
GND-118505645	118505645	GND	Bachofen, Johann Jakob
GND-11853839X	11853839X	GND	Genelli, Bonaventura
GND-101921632	101921632	GND	Napoléon Joseph Charles Paul Bonaparte <France, Prince>
GND-116253215	116253215	GND	Bormann, Eugen
GND-118710605	118710605	GND	Henzen, Wilhelm
GND-118992767	118992767	GND	Riepenhausen, Franz
GND-116503122	116503122	GND	Hartung, Johann Adam
KPE-776910	776910	KPE	Lauer, Friedrich Wilhelm
GND-100741193	100741193	GND	Dindorf, Ludwig August
GND-118693441	118693441	GND	Friedländer, Max J.
GND-11735225X	11735225X	GND	Struve, Jakob Theodor
GND-118527231	118527231	GND	Drake, Friedrich
GND-117357944	117357944	GND	Wigand, Otto
GND-119120852	119120852	GND	De Rossi, Giovanni Battista
GND-117410306	117410306	GND	Winterfeld, Adolf Wilhelm Ernst von
GND-118617109	118617109	GND	Steffens, Henrik
GND-116318848	116318848	GND	Raabe, Abraham Gottlieb
GND-1156300673	1156300673	GND	Jahn, Otto
GND-116023260	116023260	GND	Panofka, Theodor Sigismund
GND-119502410	119502410	GND	Ferdinand <II., Neapel, König>
GND-106765562X	106765562X	GND	Campanari, Domenico
GND-116714085	116714085	GND	Brosch, Moritz
GND-104136421	104136421	GND	Stier, Wilhelm
GND-117479373	117479373	GND	Springer, Anton
GND-117425478	117425478	GND	Troyon, Frédéric
KPE-902950	902950	KPE	Freiburger, E.
KPE-897394	897394	KPE	Freudenrich
GND-116156112	116156112	GND	Bettio, Pietro
GND-119342316	119342316	GND	Bianchi, Pietro
GND-116934271	116934271	GND	Gutschmid, Alfred von
GND-1013329228	1013329228	GND	Casoni, Giovanni
GND-1025872487	1025872487	GND	Lopez, Michele
GND-118806939	118806939	GND	Winkelmann, Stephan August
GND-11623539X	11623539X	GND	Klotz, Reinhold
GND-124211968	124211968	GND	Avolio, Francesco di Paola
GND-116638044	116638044	GND	Laborde, Léon de
GND-116921048	116921048	GND	Guigniaut, Joseph Daniel
GND-118659308	118659308	GND	Boncompagni, Baldassarre
GND-104378476	104378476	GND	Reimers, Peter Hinrich
KPE-906281	906281	KPE	Ambrosio, Vincenzo de
GND-124248721	124248721	GND	Bonucci, Carlo
GND-116718439	116718439	GND	Franks, Augustus Wollaston
GND-136991092	136991092	GND	Jahn, Jakob
GND-38352-1	38352-1	GND	Bodleian Library (Oxford)
GND-118927507	118927507	GND	Hase, Karl August von
GND-1055229396	1055229396	GND	Angelucci, Giulio Anastasio
GND-116226560	116226560	GND	Bötticher, Carl
GND-117308110	117308110	GND	Weizsäcker, Carl
KPE-915813	915813	KPE	Candelori, Polycarp
GND-100146694	100146694	GND	Gruppe, Otto Friedrich
GND-117399647	117399647	GND	Winckelmann, August Wilhelm
GND-119473666	119473666	GND	Schäfer, Johann Adam
GND-117604429	117604429	GND	Movers, Franz Carl
KPE-900548	900548	KPE	Nardoni, Leone
GND-116472987	116472987	GND	Ferrucci, Luigi Crisostomo
GND-104117672	104117672	GND	Schneider, Johann Gottlob
GND-117022470	117022470	GND	Zumpt, Karl Gottlob
GND-104243309	104243309	GND	Pourtales-Gorgier, James de
KPE-915623	915623	KPE	Camilli, Stefano
GND-117681938	117681938	GND	Vermiglioli, Giovanni Battista
GND-116723300	116723300	GND	Henzen, Auguste
GND-117743135	117743135	GND	Schelle, Karl Eduard
GND-116765488	116765488	GND	Sallet, Alfred von
GND-116937939	116937939	GND	Hoffmann, Friedrich
GND-11730526X	11730526X	GND	Strack, Friedrich
GND-117373990	117373990	GND	Sieveking, Karl
GND-119168596	119168596	GND	Rehbenitz, Theodor
GND-100132170	100132170	GND	Feuerbach, Anselm
GND-100793509	100793509	GND	Luynes, Honoré Théodore Paul Joseph d'Albert de
GND-117377600	117377600	GND	Wilberg, Friedrich Wilhelm
GND-119425378	119425378	GND	Kölle, Christoph Friedrich Karl
GND-118504177	118504177	GND	Arnim, Achim von
GND-116182431	116182431	GND	Kirchhoff, Adolf
GND-117278599	117278599	GND	Teuffel, Wilhelm Sigismund
GND-130123552	130123552	GND	Brockhaus, Friedrich
GND-11738688X	11738688X	GND	Tippelskirch, Friedrich Carl Ernst August von
GND-1128097672	1128097672	GND	Brühl, Albrecht von
GND-141042532	141042532	GND	De Fabris, Emilio
GND-116750502	116750502	GND	Freitag, Rudolf
GND-1018415580	1018415580	GND	Gatti, Giuseppe
KPE-906431	906431	KPE	Arduini, Carlo
GND-11766376X	11766376X	GND	Dureau de La Malle, Adolphe Jules César Auguste
GND-115368302	115368302	GND	Hirt, Aloys Ludwig
GND-117594903	117594903	GND	Lanza, Francesco
GND-118992759	118992759	GND	Riepenhausen, Johannes
GND-119034778	119034778	GND	Passow, Franz
GND-118544489	118544489	GND	Händel, Georg Friedrich
GND-118993992	118993992	GND	Sydow, Emil von
GND-11637070X	11637070X	GND	Asmussen, Jacob
GND-116666072	116666072	GND	Heinrich, Carl Friedrich
GND-118786113	118786113	GND	Nicolovius, Georg Heinrich Ludwig
GND-118837877	118837877	GND	Thiersch, Friedrich Wilhelm
GND-116823151	116823151	GND	Graser, Johann Bernhard
GND-121065847	121065847	GND	Arnswald, Bernhard von
GND-117571326	117571326	GND	Laborde, Alexandre de
GND-118748785	118748785	GND	Solger, Karl Wilhelm Ferdinand
KPE-784996	784996	KPE	Gerstäcker, Adolph Theodor
GND-116661674	116661674	GND	Forchhammer, Peter Wilhelm
GND-117499048	117499048	GND	Schmid, Ignaz Dominikus Cyriacus
GND-117031372	117031372	GND	Jacob, Friedrich
GND-117246077	117246077	GND	Schulz, Heinrich Wilhelm
GND-118983776	118983776	GND	Kopisch, August
GND-118789465	118789465	GND	Panizzi, Anthony
GND-118693433	118693433	GND	Friedländer, Ludwig
GND-116857374	116857374	GND	Schöll, Adolf
KPE-897145	897145	KPE	Dei, Luigi
GND-11860130X	11860130X	GND	Ritter, Carl
GND-116170204	116170204	GND	Kießling, Adolf
GND-118795155	118795155	GND	Schlosser, Friedrich Christoph
GND-104256788	104256788	GND	Scharf, George
GND-119024187	119024187	GND	Cockerell, Charles Robert
GND-116477202	116477202	GND	Cattaneo, Gaetano
GND-116278021	116278021	GND	Pourtalès, Friedrich von
KPE-379738	379738	KPE	Bunsen, Christiane
GND-117013110	117013110	GND	Micali, Giuseppe
GND-118556657	118556657	GND	Jahn, Otto
GND-118722107	118722107	GND	Kestner, August
GND-1151328251	1151328251	GND	Logiotatides, Spyridon
GND-118710036	118710036	GND	Helbig, Wolfgang
GND-116796014	116796014	GND	Heyse, Theodor
GND-117044237	117044237	GND	Millin, Aubin L.
GND-116698829	116698829	GND	François, Alessandro
GND-118554727	118554727	GND	Humboldt, Wilhelm von
GND-116866209	116866209	GND	Gropius, George
GND-118960407	118960407	GND	Adler, Friedrich
GND-119512831	119512831	GND	Lassen, Christian
KPE-844724	844724	KPE	Unbekannt
KPE-915465	915465	KPE	Brilli, Lodovico
GND-119322625	119322625	GND	Baltard, Victor
GND-117132551	117132551	GND	Walz, Christian
GND-119242559	119242559	GND	Henzen, Wilhelm
GND-119508311	119508311	GND	Mertens-Schaaffhausen, Sibylle
KPE-897243	897243	KPE	Gourieff, Nicolas
GND-118592858	118592858	GND	Pertz, Georg Heinrich
KPE-914760	914760	KPE	Bartoloni Boni, Bernardino
KPE-915432	915432	KPE	Bracci, Emilio
GND-118987224	118987224	GND	Rumohr, Carl Friedrich von
GND-116186402	116186402	GND	Pinder, Moritz
GND-118658638	118658638	GND	Beseler, Wilhelm Hartwig
GND-116276444	116276444	GND	Köhler, Heinrich Karl Ernst von
GND-1142269973	1142269973	GND	Gargiulo, Raffaele
GND-118594869	118594869	GND	Platen, August von
GND-118535455	118535455	GND	Freytag, Gustav
GND-11856224X	11856224X	GND	Kinkel, Gottfried
GND-118529250	118529250	GND	Ehrenberg, Christian Gottfried
GND-117543446	117543446	GND	Mayer, Gustav
GND-117550981	117550981	GND	Graberg af Hemso, Jacob
GND-118656317	118656317	GND	Bernays, Jacob
GND-118598279	118598279	GND	Ranke, Leopold von
KPE-915925	915925	KPE	Capocelli, Alessandro
GND-116378328	116378328	GND	Hagen, August
GND-11870527X	11870527X	GND	Hittorff, Jacques Ignace
GND-116117044	116117044	GND	Dietzel, Gustav
GND-118542257	118542257	GND	Grimm, Jacob
GND-121409406	121409406	GND	Karajan, Theodor Georg von
GND-116920556	116920556	GND	Guhl, Ernst Karl
GND-118727699	118727699	GND	Lepsius, Carl Richard
GND-116257474	116257474	GND	Ahrens, Heinrich Ludolf
GND-116478888	116478888	GND	Geel, Jacob
GND-116021438	116021438	GND	Kahlert, Anton Josef
GND-1055349189	1055349189	GND	Aldini, Pier Vittorio
GND-115154094	115154094	GND	Sacken, Eduard von
GND-11880510X	11880510X	GND	Schopenhauer, Adele
KPE-636631	636631	KPE	Schwabe, M...
GND-117327026	117327026	GND	Westphal, Rudolf
KPE-915071	915071	KPE	Parkley
GND-1055088830	1055088830	GND	Quaranta, Bernardo
GND-117703419	117703419	GND	Visconti, Alessandro
GND-118912003	118912003	GND	Rossetti, Domenico
KPE-915928	915928	KPE	Caporale, Giambattista
GND-118781227	118781227	GND	Madvig, Johan N.
GND-116566655	116566655	GND	Gerhard, Emilie
GND-116417021	116417021	GND	Braun, Georg Christian
GND-1127078038	1127078038	GND	Ruspi, Carlo
KPE-897245	897245	KPE	Ingram, Richard
GND-119360640	119360640	GND	Bergau, Rudolf
GND-118841009	118841009	GND	Carpani, Giuseppe
GND-11727335X	11727335X	GND	Ternite, Wilhelm
GND-116947969	116947969	GND	Zacher, Ernst Julius August
GND-11684938X	11684938X	GND	Schnyder von Wartensee, Franz Xaver
GND-116216948	116216948	GND	Böcking, Eduard
KPE-203494	203494	KPE	Brockhaus, Heinrich
GND-104576857X	104576857X	GND	Kortegarn, Arthur
GND-118547739	118547739	GND	Hegel, Georg Wilhelm Friedrich
GND-143691430	143691430	GND	Moschini, Giannantonio
GND-118608533	118608533	GND	Schmeller, Johann Andreas
GND-118824775	118824775	GND	Böttiger, Carl August
GND-128772646	128772646	GND	Borghese-Aldobrandini, Francesco
GND-129985554	129985554	GND	Marsigli, Filippo
GND-116922850	116922850	GND	Schorn, Ludwig
GND-118596713	118596713	GND	Prokesch von Osten, Anton
GND-116455373	116455373	GND	Hansen, August
GND-118625063	118625063	GND	Uhland, Ludwig
GND-116839503	116839503	GND	Schneidewin, Friedrich Wilhelm
GND-119258056	119258056	GND	Mai, Angelo
GND-116797266	116797266	GND	Friedländer, Julius
GND-104359714	104359714	GND	Rühs, Friedrich
GND-1145314643	1145314643	GND	Galleffi, Pietro Francesco
GND-116141514	116141514	GND	Keil, Karl
GND-116114630	116114630	GND	Bellermann, Christian Friedrich
GND-117629316	117629316	GND	Siegert, August
KPE-892552	892552	KPE	de Chabert, Wilhelm
GND-116288272	116288272	GND	Aloe, Stanislas d'
KPE-914825	914825	KPE	Bellotti, Pasquale Benedetto
GND-118541951	118541951	GND	Gregorovius, Ferdinand
GND-117014079	117014079	GND	Lindau, August Ferdinand
KPE-902102	902102	KPE	Guidi, Silvestro
GND-1155196848	1155196848	GND	Selvaggi, Gaspare
GND-119429713	119429713	GND	Canina, Luigi
GND-1055088938	1055088938	GND	Bianconi, Girolamo
GND-116904879	116904879	GND	Mercklin, Ludwig
GND-116001291	116001291	GND	Abeken, Wilhelm
KPE-903740	903740	KPE	Herbert
GND-117703362	117703362	GND	Vischer, August
GND-116490314	116490314	GND	Hartenstein, Gustav
GND-118774360	118774360	GND	Heyse, Karl Wilhelm Ludwig
GND-1073018555	1073018555	GND	J. Kühtmann & Co.
GND-117212601	117212601	GND	Longpérier, Adrien de
GND-116605162	116605162	GND	Heider, Gustav von
GND-1012297306	1012297306	GND	Rinck, Karl Friedrich
GND-104045213	104045213	GND	Eichstaedt, Heinrich Carl Abraham
GND-4218594-4	4218594-4	GND	Museo Gregoriano Etrusco
GND-116795794	116795794	GND	Friederichs, Karl
GND-11674216X	11674216X	GND	Brückner, Carl August Friedrich
GND-118587684	118587684	GND	Nicolai, Otto
KPE-906237	906237	KPE	Borselli, Ettore
GND-136318673	136318673	GND	Brühl, Friedrich Wilhelm
GND-101478976	101478976	GND	Berio di Salsa, Francesco
GND-1052492681	1052492681	GND	Tomasi, Giambattista de <de Gallipoli>
GND-100185657	100185657	GND	Letronne, Antoine Jean
GND-119034948	119034948	GND	Ribbeck, Otto
GND-116089725	116089725	GND	Baumeister, Karl August
GND-118571729	118571729	GND	Leo, Heinrich
GND-104103701	104103701	GND	Schöne, Friedrich Gotthold
GND-116499664	116499664	GND	Fiedler, Karl Gustav
KPE-903184	903184	KPE	Schür, Wilhelm
GND-117067741	117067741	GND	Lloyd, W... Watkiss
GND-116924098	116924098	GND	Hoefer, Albert
GND-116642718	116642718	GND	Förster, Ernst
GND-117016837	117016837	GND	Michaelis, Marie
GND-116009446	116009446	GND	Afinger, Bernhard
GND-116646268	116646268	GND	Comparetti, Domenico
GND-117377562	117377562	GND	Wilberg, Christian
GND-118714325	118714325	GND	Justi, Carl
GND-118603205	118603205	GND	Rothe, Richard
GND-116201681	116201681	GND	Bleschamp, Alexandrine Laurentia de
GND-116552115	116552115	GND	Brockhaus, Heinrich Eduard
GND-116452080	116452080	GND	Cardinali, Clemente
KPE-897163	897163	KPE	Englaglaudure
GND-119509369	119509369	GND	Förster, Ludwig von
GND-116630264	116630264	GND	Rossbach, August
GND-1055228624	1055228624	GND	Blacas D'Aulps, Pierre Louis de
GND-117294756	117294756	GND	Lueders, Wilhelm Benedikt
GND-117690678	117690678	GND	Rathgeber, Georg
GND-119145081	119145081	GND	Weber, Theodor
KPE-305371	305371	KPE	Campani, Fabiano
KPE-906337	906337	KPE	Anselmi, C.
GND-101668066	101668066	GND	Steinbüchel, Anton von
KPE-335131	335131	KPE	Stein, Hermann
GND-117762970	117762970	GND	Ankershofen, Gottlieb von
GND-11928930X	11928930X	GND	Hauser, Franz
GND-116016671	116016671	GND	Antonelli, Giacomo
GND-11656332X	11656332X	GND	Krueger, Karl Wilhelm
GND-119418134	119418134	GND	Karl Alexander <Sachsen-Weimar-Eisenach, Großherzog>
GND-1012705692	1012705692	GND	Hähnle, Gustav
GND-116962259	116962259	GND	Neumann, Karl Friedrich
GND-11752753X	11752753X	GND	Holländer, Leo
GND-115748970	115748970	GND	Bormann, Albert
GND-116899239	116899239	GND	Naumann, Emil
KPE-907014	907014	KPE	Bansone, Cipriano
GND-1055128786	1055128786	GND	Bubeck, Wilhelm
GND-1139391283	1139391283	GND	Koller, Franz von
GND-117083364	117083364	GND	Janssen, Leonhard Johannes Friedrich
KPE-915250	915250	KPE	Boileau, John
GND-100793215	100793215	GND	Petersen, Christian
GND-100110657	100110657	GND	Dominicis, Francesco de
GND-118597671	118597671	GND	Radowitz, Joseph Maria von
KPE-906102	906102	KPE	Matranga, Filippo
GND-11665659X	11665659X	GND	Constantin, Abraham
GND-116105666	116105666	GND	Beckerath, Hermann von
GND-116075295	116075295	GND	Bartoccini, Bartolomeo
GND-1072977109	1072977109	GND	Brockhaus & Avenarius <Leipzig>
KPE-13380	13380	KPE	Jenaische Allgemeine Literatur-Zeitung
GND-116257636	116257636	GND	Akerman, John Yonge
GND-116103078	116103078	GND	Becker, Friedrich Gottlieb
GND-116848383	116848383	GND	Leake, William Martin
KPE-180078	180078	KPE	Kestner, Georg
GND-117107395	117107395	GND	Schubart, Johann Heinrich Christian
GND-117642118	117642118	GND	Burnouf, Émile
GND-116785438	116785438	GND	Marmora, Albert de la
GND-116679204	116679204	GND	Helbig, Carl Gustav
GND-116693940	116693940	GND	Maler, Friedrich
GND-116473894	116473894	GND	Fesch, Joseph
GND-116238909	116238909	GND	Dümmler, Ernst
GND-102909439X	102909439X	GND	Schilden, Friedrich Anton von
GND-117117587	117117587	GND	Waldburg-Truchsess, Friedrich Ludwig von
GND-136648479	136648479	GND	Lepel, Adolf von
GND-119230968	119230968	GND	Bocchi, Francesco Antonio
GND-116094184	116094184	GND	Keil, Heinrich
GND-11712110X	11712110X	GND	Olfers, Ignaz von
GND-100187811	100187811	GND	Leemans, Conrad
GND-118612271	118612271	GND	Schwind, Moritz von
KPE-824263	824263	KPE	Webster, ...
GND-119419173	119419173	GND	Haxthausen, Werner von
KPE-915997	915997	KPE	Carli Romualdo
GND-116984465	116984465	GND	Zeune, August
GND-118606115	118606115	GND	Schadow, Gottfried
GND-116713038	116713038	GND	Saaling, Marianne
GND-117737542	117737542	GND	Georg <Sachsen, König>
GND-11875579X	11875579X	GND	Straube, Heinrich
GND-118659332	118659332	GND	Bopp, Franz
KPE-454372	454372	KPE	Banfield, Thomas
GND-100190014	100190014	GND	Lichtenstein, Heinrich
GND-141331844	141331844	GND	Wigger, Heinrich
GND-118709143	118709143	GND	Hauptmann, Moritz
GND-119382091	119382091	GND	Christian <VIII. Dänemark, König>
GND-118619667	118619667	GND	Stüler, Friedrich August
GND-116857641	116857641	GND	Schömann, Georg Friedrich
GND-118545825	118545825	GND	Hanslick, Eduard
GND-116608838	116608838	GND	Roscher, Wilhelm
GND-1132533686	1132533686	GND	Albicini, Cesare
GND-116785055	116785055	GND	Heuzey, Léon
GND-118810359	118810359	GND	Rogers, Samuel
GND-119512726	119512726	GND	Härtel, Hermann
GND-104366508	104366508	GND	Parthey, Gustav
GND-1081197382	1081197382	GND	Corsini, Tommaso
GND-11620172X	11620172X	GND	Blessig, Carl
GND-141239824	141239824	GND	Landsberg, Ludwig
GND-117521183	117521183	GND	Schluttig, Wilhelm
GND-119066807	119066807	GND	Sestini, Domenico
GND-117767530	117767530	GND	Barthélemy, Anatole Jean Baptiste Antoine de
GND-117291013	117291013	GND	Lübke, Wilhelm
GND-26212-2	26212-2	GND	France / Administration des Douanes
KPE-904525	904525	KPE	Weser, C.
GND-115851704	115851704	GND	Maury, Alfred
GND-116092807	116092807	GND	Pervanoglu, Peter
GND-1068774584	1068774584	GND	Matsen, Hermann
GND-117290610	117290610	GND	Ulrichs, Heinrich N.
GND-116133449	116133449	GND	Bergmann, Wilhelm Richard
GND-11757273X	11757273X	GND	Wernicke, Friedrich August
GND-117404993	117404993	GND	Toelken, Ernst Heinrich
GND-117314218	117314218	GND	Lugebil, Carl
GND-100804691	100804691	GND	Lützow, Carl von
GND-1090247850	1090247850	GND	Gille, Florian
KPE-916039	916039	KPE	Casanova, Giovanbattista
GND-100418694	100418694	GND	Arago, Jacques Étienne Victor
GND-117075728	117075728	GND	Waagen, Carl
GND-103086609	103086609	GND	Platner, Ernst Zacharias
GND-117157244	117157244	GND	Bunsen, Carl von
GND-118594729	118594729	GND	Pius IX., Papst
GND-118542699	118542699	GND	Groth, Klaus
GND-11644407X	11644407X	GND	Renouard, Antoine Augustin
GND-117279641	117279641	GND	Uhlig, Gustav
KPE-915932	915932	KPE	Caraba, Ambrogio
GND-118691929	118691929	GND	Flotow, Friedrich von
GND-101110464	101110464	GND	Michaelis, Adolf
GND-117047937	117047937	GND	Minervini, Giulio
GND-100213413	100213413	GND	Millingen, James V.
GND-116283173	116283173	GND	Preuner, August
GND-116705795	116705795	GND	Rumpelt, Hermann Berthold
KPE-914783	914783	KPE	Bauerhorst
GND-118540254	118540254	GND	Goethe, Ottilie von
KPE-907033	907033	KPE	Bard, Joseph Baron
GND-116189452	116189452	GND	Piper, Ferdinand
GND-104137169	104137169	GND	Hamilton, William Richard
GND-119541904	119541904	GND	Göttling, Karl Wilhelm
GND-117256285	117256285	GND	Steinhart, Karl Heinrich August
KPE-906359	906359	KPE	Appelius, Christian Franz
GND-119097850	119097850	GND	Grimm, Albert Ludwig
GND-1157542522	1157542522	GND	Capialbi, Antonio
GND-11732762X	11732762X	GND	Schlie, Friedrich
GND-1055155643	1055155643	GND	Clarke, James Stanier
GND-116239131	116239131	GND	Düntzer, Heinrich
GND-100140416	100140416	GND	Gaupp, Ernst Theodor
GND-116105410	116105410	GND	Becker, Wilhelm Adolf
GND-116439521	116439521	GND	Gargallo-Grimaldi, Filippo
GND-117370274	117370274	GND	Wietersheim, Eduard von
GND-118760653	118760653	GND	Seidler, Louise Caroline Sophie
GND-11851752X	11851752X	GND	Burckhardt, Jacob
GND-100180930	100180930	GND	Lappenberg, Johann Martin
GND-116087994	116087994	GND	Baum, Wilhelm Georg
GND-118745085	118745085	GND	Richthofen, Ferdinand von
GND-142452459	142452459	GND	Soltau, Friedrich
GND-116602090	116602090	GND	Kuhn, Emil
GND-116297530	116297530	GND	Ambrosch, Julius
GND-116478209	116478209	GND	Cavedoni, Celestino
GND-116006498	116006498	GND	Adam, Frederick
GND-100671926	100671926	GND	Völcker, Karl Heinrich Wilhelm
KPE-914944	914944	KPE	Biagioli, Clemente
GND-11851136X	11851136X	GND	Bismarck, Otto von
KPE-906731	906731	KPE	Avellino, Teodoro
GND-11862380X	11862380X	GND	Trendelenburg, Friedrich Adolf
GND-116235632	116235632	GND	Dümmler, Ferdinand
GND-117496375	117496375	GND	Schmid, Friedrich Ernst Theodor
GND-117338893	117338893	GND	Thiersch, Bernhard
GND-118513141	118513141	GND	Bonaparte, Lucien
KPE-895659	895659	KPE	Tomassini
GND-11728615X	11728615X	GND	Weniger, Ludwig
GND-117156884	117156884	GND	Bunsen, Emilie Henriette Wilhelmine
KPE-895783	895783	KPE	Depoletti
GND-119132680	119132680	GND	Köhler, Reinhold
GND-116754427	116754427	GND	Hertz, Martin
GND-104222026	104222026	GND	Marks, Benjamin Adolph
GND-1053514107	1053514107	GND	Pittakys, K. S.
GND-118934686	118934686	GND	Campi, Giuseppe
GND-117107360	117107360	GND	Schubart, Herman
KPE-906239	906239	KPE	Bazzichelli, Giosafat
GND-142657360	142657360	GND	Zoll, Kilian
GND-117368644	117368644	GND	Wieseler, Friedrich
GND-100105882	100105882	GND	Dieck, Karl Friedrich
GND-118508288	118508288	GND	Beethoven, Ludwig van
GND-116170263	116170263	GND	Kiessling, Gustav
GND-117166383	117166383	GND	Weber, Karl Friedrich
GND-104274212	104274212	GND	Naumann, Emil Wilhelm Robert
GND-1157794378	1157794378	GND	Lisi, Francesco
GND-118607960	118607960	GND	Schlegel, August Wilhelm von
GND-1012001474	1012001474	GND	Cades, Tommaso
GND-10239847X	10239847X	GND	Marius Maximus Perpetuus Aurelianus, Lucius
GND-117107565	117107565	GND	Schubarth, Carl Ernst
GND-139783385	139783385	GND	Michaelis, Christian August
GND-118745441	118745441	GND	Ritschl, Friedrich
GND-117238147	117238147	GND	Jungclausen, Jacob Philipp Albrecht
GND-1021055549	1021055549	GND	Wentrup, Friedrich
GND-1020864958	1020864958	GND	Spinelli, Domenico
KPE-892055	892055	KPE	Basseggio, Giuseppe
GND-1044414995	1044414995	GND	Lugebil, Karl Efimovič
GND-115643591	115643591	GND	Ranke, Carl Ferdinand
GND-116914149	116914149	GND	Hirschfeld, Otto
GND-1103160834	1103160834	GND	Falbe, Christian Tuxen
GND-116400471	116400471	GND	Cäsar, Julius
GND-117107263	117107263	GND	Oesterley, Carl
GND-116461039	116461039	GND	Hanssen, Georg
GND-116490667	116490667	GND	Fickler, Carl Borromäus Alois
GND-133711242	133711242	GND	Rolandi, Pietro
KPE-916062	916062	KPE	Cassitto, Federigo
GND-116993413	116993413	GND	Nibby, Antonio
GND-116214023	116214023	GND	Bock, Cornelius P.
GND-129166812	129166812	GND	François, Alessandro
GND-11611696X	11611696X	GND	Kelle, Karl Gottfried
GND-118718991	118718991	GND	Grotefend, Georg Friedrich
KPE-726256	726256	KPE	Michaelis, Ida
GND-137830181	137830181	GND	Bonomi, Joseph
GND-123518717	123518717	GND	Antaldi, Antaldo
GND-101365632	101365632	GND	Rietz, Julius
GND-116550880	116550880	GND	Ringseis, Emilie
GND-1171822030	1171822030	GND	D´Andrea, Giovanni
GND-116895403	116895403	GND	Gruner, Ludwig
GND-118632884	118632884	GND	Wilhelm I., Deutsches Reich, Kaiser
GND-115799230	115799230	GND	Schultze, Friedrich August Siegmund
GND-118704931	118704931	GND	Hiller, Ferdinand
GND-120179296	120179296	GND	Vaux, William S. W.
GND-115394915	115394915	GND	Jacobi, Eduard Adolf
GND-116517379	116517379	GND	Cichorius, Eduard
GND-116441186	116441186	GND	Garrucci, Raffaele
GND-1041847998	1041847998	GND	Alessi, Giuseppe
GND-101927606	101927606	GND	De Vit, Vincenzo
GND-119522977	119522977	GND	Spaur, Karl von
KPE-914867	914867	KPE	Beni, Girolamo
GND-117390038	117390038	GND	Willers, Ernst
GND-116838418	116838418	GND	Matranga, Pietro
GND-116177462	116177462	GND	Donaldson, Thomas Leverton
GND-117388297	117388297	GND	Siebold, Carl Theodor Ernst von
GND-101160097	101160097	GND	Hirschfeld, Gustav
GND-11666827X	11666827X	GND	Conze, Alexander
GND-1000004-5	1000004-5	GND	Pontificia Accademia Romana di Archeologia
GND-117009229	117009229	GND	Zoega, Georg
GND-116702419	116702419	GND	Ruhl, Ludwig Sigismund
GND-143865889	143865889	GND	Baumbach-Freudenthal, Carl Friedrich von
GND-1031835741	1031835741	GND	Mehlhorn, Friedrich
GND-119079178	119079178	GND	Ruhl, Julius
KPE-905775	905775	KPE	Borani, Giambattista
GND-118563211	118563211	GND	Klenze, Leo von
KPE-906307	906307	KPE	Angeluzzi, Giuseppe
GND-118676903	118676903	GND	Cornelius, Peter von
GND-118504185	118504185	GND	Arnim, Bettina von
GND-116504579	116504579	GND	Riccio, Gennaro
GND-104264454	104264454	GND	Mosewius, Johann Theodor
GND-119004321	119004321	GND	Magnussen, Christian Carl
GND-122135407	122135407	GND	Jorio, Andrea de
GND-100524508	100524508	GND	Merkel, Rudolph
GND-118769596	118769596	GND	Witte, Karl
GND-117410926	117410926	GND	Schwenck, Johann Konrad
GND-116764937	116764937	GND	Hess, Heinrich von
GND-117156957	117156957	GND	Bunsen, Ernst von
GND-172015502	172015502	GND	Carafa, Carlo
KPE-906967	906967	KPE	Baluffi, Giacomo
GND-116251670	116251670	GND	Duncker, Franz Gustav
GND-118768670	118768670	GND	Vischer, Wilhelm
GND-104222654	104222654	GND	Serradifalco, Domenico LoFaso Pietrasanta di
KPE-457128	457128	KPE	Cardinali, Luigi
GND-117545341	117545341	GND	Girtanner, Wilhelm
GND-1147240264	1147240264	GND	Alcántara Téllez-Girón y Alfonso-Pimentel, Pedro de
GND-116991992	116991992	GND	Meester de Ravestein, Emile de
GND-118807803	118807803	GND	Wolff, Emil
GND-117125415	117125415	GND	Mommsen, August
GND-116054670	116054670	GND	Dehn, Siegfried Wilhelm
KPE-905890	905890	KPE	From, Fritz
GND-11626649X	11626649X	GND	Poole, Reginald Stuart
GND-117077232	117077232	GND	Wachsmuth, Rudolf
KPE-890502	890502	KPE	Braun, Louise
GND-132512882	132512882	GND	Fauvel, Louis François Sébastien
GND-137115784	137115784	GND	Judica, Gabriele
KPE-916066	916066	KPE	Castellane, Joseph
GND-116922842	116922842	GND	Schorn, Henriette von
KPE-891323	891323	KPE	Adilardi, Francesco
KPE-915073	915073	KPE	Warrender, George
GND-119181304	119181304	GND	Begas, Karl
KPE-233441	233441	KPE	Rien
GND-118749218	118749218	GND	Rauch, Christian Daniel
GND-116876573	116876573	GND	Lehrs, Karl
GND-1055090037	1055090037	GND	Biondi, Luigi
GND-1047400545	1047400545	GND	Burgon, Thomas
GND-118542265	118542265	GND	Grimm, Wilhelm
GND-116415738	116415738	GND	Braun, Emil
GND-117554677	117554677	GND	Meier, Moritz Hermann Eduard
GND-116146516	116146516	GND	Bernhardy, Gottfried
GND-118810170	118810170	GND	Lindenschmit, Ludwig
GND-117515833	117515833	GND	Schmidt, Moritz
GND-100790615	100790615	GND	Ellis, Henry
GND-116633964	116633964	GND	Kyllmann, Otto
GND-116443073	116443073	GND	Canitz, Karl Friedrich von
GND-117439312	117439312	GND	Twesten, August
GND-116417919	116417919	GND	Braun, Julius
GND-118656449	118656449	GND	Bernhardi, August Ferdinand
GND-116125349	116125349	GND	Sainte-Aulaire, Louis Clair Beaupoil de
GND-118717030	118717030	GND	Gerhard, Eduard
GND-116630175	116630175	GND	Ross, Ludwig
GND-136600719	136600719	GND	Lehmann, Theodor
GND-11684244X	11684244X	GND	Mau, August
GND-116155558	116155558	GND	Bethmann, Ludwig Konrad
GND-119138026	119138026	GND	Newton, Charles Thomas
GND-11695938X	11695938X	GND	Leutsch, Ernst Ludwig von
GND-119010224	119010224	GND	Urlichs, Ludwig von
GND-120754371	120754371	GND	Kissling, Johann
GND-1055088822	1055088822	GND	Guidobaldi, Domenico de
GND-11852240X	11852240X	GND	Cotta, Johann Friedrich von
GND-116324554	116324554	GND	Rahl, Carl
GND-123677912	123677912	GND	Malaspina di Sannazaro, Luigi
KPE-895647	895647	KPE	Strauss-Dürckheim
GND-11610161X	11610161X	GND	Beck, Karl
GND-118626523	118626523	GND	Verdi, Giuseppe
GND-119059622	119059622	GND	Raumer, Friedrich von
GND-117022721	117022721	GND	Nissen, Georg Nikolaus von
GND-100833543	100833543	GND	Förstemann, Karl Eduard
GND-117403040	117403040	GND	Sinner, Gabriel Rudolf Ludwig von
GND-119034743	119034743	GND	Haupt, Moriz
GND-1023331217	1023331217	GND	Matthiessen, Christian
GND-118547356	118547356	GND	Haydn, Joseph
GND-116241241	116241241	GND	Klugmann, Adolf
GND-118931504	118931504	GND	Kekulé von Stradonitz, Reinhard
GND-119214229	119214229	GND	Wachsmuth, Wilhelm
GND-118756206	118756206	GND	Stückelberg, Ernst
GND-117242322	117242322	GND	Stein, Carl von
GND-118733389	118733389	GND	Meyer, Heinrich
GND-1052888496	1052888496	GND	Burgess, Richard
GND-100106587	100106587	GND	Dethier, Philipp Anton
KPE-904351	904351	KPE	Bourgeois-Maze, Louis
GND-118636421	118636421	GND	Zelter, Carl Friedrich
GND-116786825	116786825	GND	Heydemann, Heinrich
GND-117519839	117519839	GND	Kirchhoff, Friedrich Christian
GND-116128194	116128194	GND	Dilthey, Karl
GND-119535084	119535084	GND	Peyron, Amedeo
GND-117008176	117008176	GND	Linckh, Jacob
GND-1153740087	1153740087	GND	Boncompagni Ludovisi, Luigi I
GND-11852755X	11852755X	GND	Droysen, Johann Gustav
GND-124087329	124087329	GND	Ritter, Karl Gottfried
KPE-898322	898322	KPE	Buttaoni, Domenico
GND-116947756	116947756	GND	Lersch, Laurenz
GND-116788720	116788720	GND	Friccius, Karl Friedrich
GND-119020238	119020238	GND	Schubring, Julius
GND-116762101	116762101	GND	Herzog, Christian Gottlob
KPE-907059	907059	KPE	Bardez, Alexius
GND-100278043	100278043	GND	Förster, Friedrich Christoph
GND-10030396X	10030396X	GND	Klemm, Gustav Friedrich
GND-1073932966	1073932966	GND	Ainsley, Samuel James
GND-117115460	117115460	GND	Waitz, Theodor
GND-116598506	116598506	GND	Fleckeisen, Alfred
GND-117116661	117116661	GND	Walckenaer, Charles A.
KPE-915068	915068	KPE	Forstall
GND-117182486	117182486	GND	Jordan, Heinrich
GND-116186364	116186364	GND	Pinder, Eduard
GND-172153050	172153050	GND	Hawkins, Edward
KPE-904432	904432	KPE	Noordzieck
GND-1132344522	1132344522	GND	Acquacotta, Placido
GND-11613853X	11613853X	GND	Dirksen, Heinrich Eduard
GND-116658339	116658339	GND	Heimsoeth, Friedrich
GND-118757490	118757490	GND	Tieck, Christian Friedrich
GND-118153803	118153803	GND	Rodriguez de Berlanga, Manuel
GND-118664468	118664468	GND	Bücheler, Franz
KPE-895607	895607	KPE	Schiassi, Giuseppe Maffeo
GND-119220350	119220350	GND	Knapp, Johann Michael
KPE-914941	914941	KPE	Beverly, Lord
GND-118883712	118883712	GND	Huber, Therese
KPE-900545	900545	KPE	Martinelli, Antonio
KPE-904461	904461	KPE	Unbekannt
GND-116574801	116574801	GND	Kruse, Friedrich
GND-118921029	118921029	GND	Castellani, Augusto
GND-116719141	116719141	GND	Franz, Johannes
GND-100493467	100493467	GND	Guarini, Raimondo
GND-115676295	115676295	GND	Egger, Emile
GND-118968599	118968599	GND	Classen, Johannes
GND-116295562	116295562	GND	Koeppen, Adolph Ludwig
GND-11604117X	11604117X	GND	Baiter, Johann Georg
GND-118703714	118703714	GND	Hermann, Gottfried
GND-116168862	116168862	GND	Kiepert, Heinrich
GND-11946571X	11946571X	GND	Camera, Matteo
GND-1031453083	1031453083	GND	Millin Duperreux, Alexandre Louis Robert
GND-116474580	116474580	GND	Harding, Carl Ludwig
GND-1168056284	1168056284	GND	Ansidei, Reginaldo
GND-116173076	116173076	GND	Firmin-Didot, Ambroise
GND-100016642	100016642	GND	Arneth, Joseph Calasanza von
KPE-895639	895639	KPE	Stempliowskj, Josef de
GND-117176567	117176567	GND	Bursian, Conrad
GND-1012283348	1012283348	GND	Leibnitz, Heinrich
KPE-894247	894247	KPE	Avvolta, Carlo
GND-119054043	119054043	GND	Schmidt von der Launitz, Eduard
GND-116918810	116918810	GND	Schopen, Ludwig
GND-128972920	128972920	GND	Unbekannt
GND-117049581	117049581	GND	Mionnet, Théodore Edmonde
KPE-903865	903865	KPE	Maesta´
GND-116184566	116184566	GND	Biondelli, Bernadin
GND-116680105	116680105	GND	Cornelius, Carl Adolf
GND-119010224	119010224	GND	Urlichs, Karl Ludwig
GND-117672521	117672521	GND	Capecelatro, Giuseppe
GND-117125458	117125458	GND	Mommsen, Tycho
GND-116739517	116739517	GND	Hermann, Karl Friedrich
GND-117437093	117437093	GND	Visconti, Ennio Quirino
GND-131592572	131592572	GND	Günther, Ernst
KPE-903739	903739	KPE	Fielding, P.
GND-118633600	118633600	GND	Winckelmann, Johann Joachim
GND-104269499	104269499	GND	Devonshire, Elizabeth Cavendish of
GND-117424072	117424072	GND	Wittich, Heinrich
KPE-892589	892589	KPE	Feoli, Agostino
GND-116082534	116082534	GND	Perrot, Georges
GND-117480452	117480452	GND	Sprosse, Carl Ferdinand
GND-118749455	118749455	GND	Rohden, Johann Martin von
GND-119512718	119512718	GND	Schöne, Richard
GND-116297530	116297530	GND	Ambrosch, Jac. J. Athanasius
GND-117703001	117703001	GND	Vinet, Ernest
GND-117131814	117131814	GND	Walther, Friedrich Wilhelm
GND-118607057	118607057	GND	Schelling, Friedrich Wilhelm Joseph von
GND-117080357	117080357	GND	Möbius, Theodor
GND-116604662	116604662	GND	Heidel, Hermann Rudolf
GND-1055523952	1055523952	GND	Tessieri, Pietro
GND-11612783X	11612783X	GND	Dillmann, August
GND-115357742	115357742	GND	Hase, Karl B.
GND-1073132285	1073132285	GND	Carelli, Francesco
GND-116111585	116111585	GND	Dieterich, Albrecht
GND-117604984	117604984	GND	Birket-Smith, Sophus
GND-116278072	116278072	GND	Pourtalès-Gorgier, Jules Henri Charles Frederic de
GND-130125164	130125164	GND	Cailleux, Alphonse de
GND-116297107	116297107	GND	Amati, Girolamo
GND-116907975	116907975	GND	Guattani, Giuseppe Antonio
GND-116086130	116086130	GND	Detlefsen, Detlef
GND-11609012X	11609012X	GND	Kayser, Julius
GND-117031755	117031755	GND	Jacob, Karl Georg
GND-11698452X	11698452X	GND	Zeuner, August
GND-1038390575	1038390575	GND	Campanari, Secondiano
KPE-637290	637290	KPE	Herz, Heinrich
GND-10140302X	10140302X	GND	Minieri-Riccio, Camillo
GND-116298456	116298456	GND	Bourges, Maurice Jean
GND-121780988	121780988	GND	Schaefer, Arnold Dietrich
GND-11947364X	11947364X	GND	Spengel, Leonhard
GND-11862783X	11862783X	GND	Vom Stein Zum Altenstein, Karl
GND-117673102	117673102	GND	Carlisle, Nicholas
KPE-906263	906263	KPE	Amarelli, Vincenzo
KPE-915262	915262	KPE	Bonanni, Daniele
GND-117544442	117544442	GND	Marchetti, Alessandro
GND-117420557	117420557	GND	Witte, Jean Joseph Antoine Marie de
GND-116428473	116428473	GND	Reinthaler, Karl Martin
GND-13965268X	13965268X	GND	Kenner, Friedrich
GND-118804502	118804502	GND	Vieusseux, Gian Pietro
GND-11612234X	11612234X	GND	Petersen, Eugen
KPE-892601	892601	KPE	Harvey, George C.
GND-100792553	100792553	GND	Stieglitz, Christian Ludwig
GND-117266353	117266353	GND	Schillbach, Karl Moritz Richard
GND-118820826	118820826	GND	Fellows, Charles
GND-119546612	119546612	GND	Borghesi, Bartolomeo
GND-118504118	118504118	GND	Arndt, Ernst Moritz
GND-118806521	118806521	GND	Weinhold, Karl
GND-116103736	116103736	GND	Becker, Jakob
GND-1143705521	1143705521	GND	Frohberg-Montjoie, Ernst Heinrich Fidel von
GND-11678797X	11678797X	GND	Gosselin, Pascal François Joseph
GND-118628356	118628356	GND	Wagner, Johann Martin von
GND-117357103	117357103	GND	Wigand, Georg
GND-119440644	119440644	GND	Zanth, Karl Ludwig Wilhelm
KPE-504287	504287	KPE	Müller, Ludwig von
GND-116346159	116346159	GND	Haakh, Adolf
GND-116962291	116962291	GND	Levezow, Konrad
GND-116762314	116762314	GND	Herzog, Ernst
KPE-30019076	30019076	KPE	Stockhausen, Franz Anton Adam
GND-116288353	116288353	GND	Köne, Johann Rodger
KPE-916044	916044	KPE	Cassis de, Francesco
GND-118703021	118703021	GND	Fredro, Aleksander
GND-117592633	117592633	GND	Müller, Johann Friedrich
GND-116174536	116174536	GND	Philippi, Rudolf Amandus
GND-115581545	115581545	GND	Nägelsbach, Carl Friedrich von
GND-116867558	116867558	GND	Schönemann, Karl Philipp Christian
GND-116282290	116282290	GND	Preller, Ludwig
GND-11659523X	11659523X	GND	Gervasio, Augustino
GND-119054639	119054639	GND	Fabretti, Ariodante
GND-116990341	116990341	GND	Horkel, Johannes
GND-117518476	117518476	GND	Förstemann, Joseph
GND-116943963	116943963	GND	Lepel, Wilhelm Heinrich von
GND-116204702	116204702	GND	Planck, Johann Julius Wilhelm von
GND-11750193X	11750193X	GND	Schmidt, Bernhard
GND-118804243	118804243	GND	Vernet, Horace
GND-117520128	117520128	GND	Kirckhoff, Joseph Romain Louis de
GND-116114673	116114673	GND	Bellermann, Johann Joachim
GND-1155099028	1155099028	GND	Warschauer, Marie
GND-118690787	118690787	GND	Gerlach, Ernst Ludwig von
GND-1143723201	1143723201	GND	Goltz, Wilhelmine von der
KPE-915617	915617	KPE	Calderari, Enrico
GND-117538833	117538833	GND	Schmidt, Leopold
GND-11675527X	11675527X	GND	Launitz, Luise von der
GND-116475633	116475633	GND	Hare, Julius Charles
GND-10012478X	10012478X	GND	Erdmann, Franz von
GND-100384773	100384773	GND	Palma, Niccola
GND-1085180956	1085180956	GND	Murray, Thomas
GND-11660042X	11660042X	GND	Fleischer, Heinrich Leberecht
GND-116220813	116220813	GND	Boehme, Albrecht
GND-117028010	117028010	GND	Howson, John Saul
KPE-775287	775287	KPE	Braun, Anne
GND-104125292	104125292	GND	Schwarz, Christian Wilhelm
GND-116711892	116711892	GND	Ruthardt, Ernst Ferdinand
GND-118750631	118750631	GND	Sacy, Antoine Isaac Silvestre de
GND-116447222	116447222	GND	Capei, Pietro
GND-118775766	118775766	GND	Jacobi, Carl Gustav Jacob
GND-118762745	118762745	GND	Schwab, Gustav
GND-116061197	116061197	GND	Karsten, Gustav
GND-103131140	103131140	GND	Carfora, Aniello M.
GND-117272930	117272930	GND	Stephani, Ludolf
GND-104274182	104274182	GND	Naeke, August Ferdinand
GND-117356360	117356360	GND	Thudichum, Georg
GND-11861164X	11861164X	GND	Schumann, Clara
KPE-916119	916119	KPE	Casuccini, Francesco
GND-1114754943	1114754943	GND	Bertinelli, Gaetano A.
GND-1055573860	1055573860	GND	Ranghiasci de'Conti Brancaleoni, Francesco
GND-124128327	124128327	GND	Castellani, Alessandro
GND-118745239	118745239	GND	Riepenhausen, Ernst Ludwig
KPE-914932	914932	KPE	Betz, Gustave
GND-116851309	116851309	GND	Fugger von Glött, Leopold von
GND-117766208	117766208	GND	Bandinel, Bulkeley
GND-116878347	116878347	GND	Furtwängler, Wilhelm
KPE-904143	904143	KPE	Ricci, Filippo
GND-100824544	100824544	GND	Mohl, Jules
GND-117352659	117352659	GND	Thorbecke, Andreas Heinrich
GND-119132869	119132869	GND	Danzel, Theodor Wilhelm
GND-116254912	116254912	GND	Rieu, Willem Nicolaus du
KPE-577645	577645	KPE	Schubert, Friedrich
GND-119210150	119210150	GND	Schönborn, Franz Erwein von
GND-118580779	118580779	GND	Mendelssohn Bartholdy, Felix
KPE-915135	915135	KPE	Blazo, Antonios P.
GND-116297034	116297034	GND	Amari, Michele
GND-116402539	116402539	GND	Brandis, Julius
GND-116113871	116113871	GND	Bekker, Georg Joseph
GND-1038709865	1038709865	GND	Sandberg, Johan Gustaf
KPE-907066	907066	KPE	Spagnia, Pietro Paolo
GND-116916400	116916400	GND	Hirzel, Heinrich
GND-142323322	142323322	GND	Bargum, Ludolf Konrad Hannibal
GND-116395540	116395540	GND	Falkener, Edward
GND-133651983	133651983	GND	Friedlaender, Julius
GND-119244985	119244985	GND	Candiano <Familie>
GND-116795972	116795972	GND	Heyse, Paul Ludwig
GND-11891779X	11891779X	GND	Chaptal, Jean-Antoine-Claude
GND-115787441X	115787441X	GND	Borgia, Cesare
GND-130250252	130250252	GND	Mair, Franz (Pädagoge)
GND-116949651	116949651	GND	Zahn, Wilhelm Johann Karl
GND-1053517920	1053517920	GND	Lanci, Fortunato
GND-116916354	116916354	GND	Hirzel, Heinrich
GND-118812637	118812637	GND	Mathy, Karl
KPE-694072	694072	KPE	Bonaparte, Alexandrine
GND-117749176	117749176	GND	Friedländer, Julius
KPE-902778	902778	KPE	Kerle
GND-117033057	117033057	GND	Michaelis, Julie
GND-118619055	118619055	GND	Strauß, David Friedrich
KPE-51821	51821	KPE	Artistische Commission für die Kgl. Museen Berlin <Berlin>
GND-12989432X	12989432X	GND	Tieck, Ludwig
GND-132035758	132035758	GND	Capialbi, Vito
GND-101587584X	101587584X	GND	Davy, Jane
GND-118816098	118816098	GND	Chrysander, Friedrich
GND-100784879	100784879	GND	Zoéga, Frédéric Salvator
KPE-906483	906483	KPE	Azpeitia, Esteban
GND-122277147	122277147	GND	Arditi, Michele
GND-117351172	117351172	GND	Thomson, Anne
GND-116586842	116586842	GND	Gerlach, Franz Dorotheus
GND-116444541	116444541	GND	Reimer, Karl August
GND-118644394	118644394	GND	Albrecht, Wilhelm Eduard
GND-117395684	117395684	GND	Vesque von Püttlingen, Johann
GND-116664290	116664290	GND	Roulez, Joseph Emmanuel Ghislain
GND-116293748	116293748	GND	Altenhöfer, August Joseph
GND-116562641	116562641	GND	Georgi, Otto
GND-116786841	116786841	GND	Heydemann, Ludwig Eduard
GND-116111828	116111828	GND	Behrnauer, Walter
GND-117767964	117767964	GND	Bardelli, Giuseppe
KPE-897321	897321	KPE	Bucci, Costantino
GND-11874528X	11874528X	GND	Rietschel, Ernst
GND-117636584	117636584	GND	Lenoir, Albert Alexandre
GND-133552608	133552608	GND	Gervasio, Agostino
GND-118613154	118613154	GND	Semper, Gottfried
GND-116468327	116468327	GND	Caspary, Robert
GND-116864982	116864982	GND	Schöne, Alfred
GND-11678931X	11678931X	GND	Marquardt, Joachim
GND-1042006202	1042006202	GND	Behrns, Hermann
GND-116874996	116874996	GND	Furlanetto, Giuseppe
KPE-302684	302684	KPE	Steinacker, E. F.
GND-126192405	126192405	GND	Bethmann, Ludwig Conrad
GND-100791549	100791549	GND	Minutoli, Johann Heinrich Carl von
GND-117668664	117668664	GND	Calandrelli, Giovanni
GND-117035246	117035246	GND	Linker, Gustav
KPE-906051	906051	KPE	Dei, Francesco
GND-117488240	117488240	GND	Vollmer, Wilhelm
GND-118852086	118852086	GND	Bluhme, Friedrich
GND-116329238	116329238	GND	Gaedechens, Rudolf
GND-117606537	117606537	GND	Lauer, Julius Franz
GND-116916478	116916478	GND	Hirzel, Karl
GND-118636383	118636383	GND	Zeller, Eduard
KPE-812810	812810	KPE	Berard, ...
GND-11667573X	11667573X	GND	Rühle, Hugo
GND-118545426	118545426	GND	Hammer-Purgstall, Joseph von
GND-116523891	116523891	GND	Brizi, Oreste
GND-116647361	116647361	GND	Flemming, Johann Friedrich August von
GND-116584920	116584920	GND	Estorff, Georg Otto Carl von
KPE-903361	903361	KPE	Wallenberg, Stanislaus von
KPE-830522	830522	KPE	Knight, Isabella Jane
GND-116752718	116752718	GND	Hertel, Ludwig
GND-1081256818	1081256818	GND	Borghese, Marcantonio
GND-136012833	136012833	GND	Psyllas, Georgios
GND-116188839	116188839	GND	Birch, Samuel
KPE-895778	895778	KPE	Carosi, Giovanni
GND-1028656734	1028656734	GND	Schillbach, Richard
GND-117468606	117468606	GND	Vogüé, Charles Jean Melchior de
KPE-240179	240179	KPE	Ulrich, Heinrich Nikolaus
KPE-915514	915514	KPE	Cades, Annunziata
GND-117146234	117146234	GND	Orlich, Leopold von
GND-1053431236	1053431236	GND	Franck, Friedrich Albert
GND-118510452	118510452	GND	Beuth, Peter Christian Wilhelm
KPE-906315	906315	KPE	Romano, Antonio
GND-1038385660	1038385660	GND	Biardot, E. Prosper
GND-11654256X	11654256X	GND	Genthe, Hermann
KPE-914866	914866	KPE	Belmonte, Giuseppe
GND-121668908	121668908	GND	Bunbury, Henry
GND-119296543	119296543	GND	Cantù, Cesare
GND-118741020	118741020	GND	Plath, Johann Heinrich
GND-104045299	104045299	GND	Aus'm Weerth, Ernst
GND-11875257X	11875257X	GND	Stahr, Adolf
GND-118678809	118678809	GND	Dannecker, Johann Heinrich von
GND-118665723	118665723	GND	Ackner, Johann Michael
KPE-891516	891516	KPE	Bonghi, Onofrio
GND-119059142	119059142	GND	Waitz, Georg
GND-117305308	117305308	GND	Strack, Johann Heinrich
GND-116129190	116129190	GND	Beretta, Giuseppe
GND-11905938X	11905938X	GND	Bonitz, Hermann
GND-117150193	117150193	GND	Osann, Friedrich
GND-118831194	118831194	GND	Reimer, Georg Andreas
GND-11855073X	11855073X	GND	Heyne, Christian Gottlob
KPE-915704	915704	KPE	Campanari, Carlo
GND-117076317	117076317	GND	Wach, Wilhelm
GND-1025655-6	1025655-6	GND	Royal Archaeological Institute of Great Britain and Ireland <London>
GND-116648945	116648945	GND	Forbiger, Albert
KPE-898254	898254	KPE	Ruffo, Giuseppe Marchese de
KPE-906920	906920	KPE	Bassanelli, Luigi
GND-119217139	119217139	GND	Friedrich <VI., Dänemark, König>
GND-11735628X	11735628X	GND	Thudichum, Friedrich von
GND-138757895	138757895	GND	Rauch, Moriz von
GND-116956968	116956968	GND	Hohenzollern, August von
GND-133359794	133359794	GND	Preyer, Gottfried von
GND-117381853	117381853	GND	Susemihl, Franz
GND-1012317692	1012317692	GND	Igel, Benzion
GND-11726315X	11726315X	GND	Steinmeyer, Franz Karl Ludwig
KPE-481370	481370	KPE	Almers, Hermann
GND-119179547	119179547	GND	Neureuther, Eugen Napoleon
GND-1056420685	1056420685	GND	Servanzi-Collio, Severino
KPE-525486	525486	KPE	Buchholz, Friedrich
GND-116916125	116916125	GND	Hirzel, Agnes
GND-11879972X	11879972X	GND	Cotta von Cottendorf, Johann Georg
GND-117344168	117344168	GND	Thoma, Antonius von
GND-100289959	100289959	GND	Jannelli, Cataldo
GND-123495741	123495741	GND	Gutekunst, Gottlob
GND-1015934080	1015934080	GND	Fedde, Friedrich
GND-119387123	119387123	GND	Burmeister, Hermann
GND-116874872	116874872	GND	Del Furia, Francesco
GND-116428317	116428317	GND	Brassier de Saint-Simon Vallade, Joseph Maria Anton von
GND-11851301X	11851301X	GND	Boisserée, Sulpiz
GND-116563540	116563540	GND	Krüger, Paul
GND-115435530	115435530	GND	Brandes, Carl Heinrich
KPE-523190	523190	KPE	Bucci, Giuseppe
GND-118513540	118513540	GND	Borghese, Pauline
KPE-916118	916118	KPE	Casuccini, Carlo
GND-5116018-3	5116018-3	GND	B. G. Teubner (Leipzig)
GND-116205849	116205849	GND	Blümner, Hugo
GND-101867277X	101867277X	GND	Castiglioni, Carlo Ottavio
KPE-907060	907060	KPE	Bargigli, Angiolo
GND-116234938	116234938	GND	Dübner, Friedrich
GND-137399200	137399200	GND	Buttmann, Alexander
GND-11852593X	11852593X	GND	Lejeune Dirichlet, Peter Gustav
GND-100158463	100158463	GND	Halm, Karl Felix
GND-117186937	117186937	GND	Mure, William
KPE-891491	891491	KPE	Ammendola, Pietro Santi
GND-118548018	118548018	GND	Heine, Heinrich
KPE-787399	787399	KPE	Reimer, Wilhelmine
GND-118791737	118791737	GND	Pfordten, Ludwig von der
GND-116233958	116233958	GND	Boissonade, Jean François
GND-1050022203	1050022203	GND	Reimer, Hans
GND-1065828721	1065828721	GND	Elsasser, Julius
GND-118797026	118797026	GND	Sickel, Theodor von
GND-118804928	118804928	GND	Sayn-Wittgenstein-Hohenstein, Wilhelm Ludwig Georg zu
GND-116137371	116137371	GND	Dindorf, Wilhelm
GND-118953745	118953745	GND	Fèa, Carlo
GND-11663765X	11663765X	GND	Roth, Franz
GND-116567082	116567082	GND	Gerhard, Sophie
GND-1150784016	1150784016	GND	Mariani, Gregorio
GND-11863223X	11863223X	GND	Wichern, Johann Hinrich
GND-116781386	116781386	GND	Marini, Marino
GND-35254-8	35254-8	GND	Preussen / Ministerium der Geistlichen, Unterrichts- und Medizinalangelegenheiten
GND-121694461	121694461	GND	Fogelberg, Bengt Erland
GND-116788801	116788801	GND	Frick, Otto
GND-118568558	118568558	GND	Lachmann, Karl
